fpr,tpr,thresholds
0.0,0.0,inf
0.22580645161290322,0.26666666666666666,0.0024469622876495123
0.4838709677419355,0.4666666666666667,0.001244330545887351
0.7419354838709677,0.6,2.004967063840013e-05
0.7741935483870968,0.7333333333333333,1.3099854186293669e-05
1.0,1.0,1.3099853276798967e-05
