fpr,tpr,thresholds
0.0,0.0,inf
0.1891891891891892,0.4444444444444444,0.015944264829158783
0.40540540540540543,0.4444444444444444,0.003574174363166094
0.5945945945945946,0.5555555555555556,0.0011965124867856503
0.7837837837837838,0.8888888888888888,0.0004960587248206139
1.0,1.0,7.568290311610326e-05
