fpr,tpr,thresholds
0.0,0.0,inf
0.0,0.1111111111111111,0.019046878442168236
0.0,0.4444444444444444,0.00038956510252319276
0.13333333333333333,0.4444444444444444,0.00021853260113857687
0.13333333333333333,0.6666666666666666,0.00012532547407317907
0.2,0.7777777777777778,9.421216236660257e-05
0.6,0.7777777777777778,1.7390733773936518e-05
0.6,0.8888888888888888,1.6980924556264654e-05
0.6666666666666666,1.0,1.588188752066344e-05
1.0,1.0,9.684634278528392e-06
