fpr,tpr,thresholds
0.0,0.0,inf
0.0,0.1111111111111111,0.0011638770811259747
0.4666666666666667,0.6666666666666666,0.001163876848295331
1.0,1.0,2.6093041469721356e-06
