fpr,tpr,thresholds
0.0,0.0,inf
0.06666666666666667,0.0,9.349504398414865e-05
0.06666666666666667,0.4444444444444444,4.644014916266315e-05
0.26666666666666666,0.4444444444444444,3.0662849894724786e-05
0.3333333333333333,0.5555555555555556,3.0077308110776357e-05
0.6,0.5555555555555556,1.7044691048795357e-05
0.6666666666666666,0.6666666666666666,1.6286259779008105e-05
0.6666666666666666,1.0,1.3446868251776323e-05
1.0,1.0,5.754533958679531e-06
