fpr,tpr,thresholds
0.0,0.0,inf
0.1891891891891892,0.4444444444444444,0.0013592272298410535
0.3783783783783784,0.5555555555555556,7.290751091204584e-05
0.5945945945945946,0.6666666666666666,4.249037738190964e-05
0.7837837837837838,1.0,3.437225313973613e-05
0.8108108108108109,1.0,1.6105272152344696e-05
1.0,1.0,1.6105270333355293e-05
