fpr,tpr,thresholds
0.0,0.0,inf
0.22580645161290322,0.26666666666666666,0.0023436956107616425
0.4838709677419355,0.4666666666666667,0.00037116208113729954
0.7096774193548387,0.7333333333333333,1.3618350749311503e-05
0.7419354838709677,0.8666666666666667,1.3618349839816801e-05
1.0,1.0,3.2113953238877002e-06
