fpr,tpr,thresholds
0.0,0.0,inf
0.06666666666666667,0.2222222222222222,4.35151059718919e-06
0.4666666666666667,0.6666666666666666,4.351510142441839e-06
1.0,1.0,4.859729187955963e-07
