fpr,tpr,thresholds
0.0,0.0,inf
0.0,0.1111111111111111,0.01342871505767107
0.06666666666666667,0.1111111111111111,0.0026393288280814886
0.06666666666666667,0.2222222222222222,0.00168836850207299
0.13333333333333333,0.3333333333333333,0.0012293648906052113
0.13333333333333333,0.7777777777777778,0.0003563983191270381
0.5333333333333333,0.7777777777777778,4.758882278110832e-05
0.5333333333333333,0.8888888888888888,4.358437945484184e-05
0.6,1.0,3.8175185181898996e-05
1.0,1.0,2.4027034669416025e-05
