fpr,tpr,thresholds
0.0,0.0,inf
0.0,0.06666666666666667,0.03244457393884659
0.0,0.8666666666666667,0.0002597411221358925
0.06451612903225806,0.8666666666666667,0.00017700342868920416
0.06451612903225806,0.9333333333333333,0.00017524443683214486
0.8387096774193549,0.9333333333333333,2.568654963397421e-05
0.8709677419354839,1.0,2.4921870135585777e-05
1.0,1.0,1.0481493518454954e-05
