fpr,tpr,thresholds
0.0,0.0,inf
0.1891891891891892,0.4444444444444444,0.003373325103893876
0.40540540540540543,0.4444444444444444,0.00044471598812378943
0.5945945945945946,0.5555555555555556,0.00035492025199346244
0.7837837837837838,0.8888888888888888,5.851690275449073e-06
1.0,1.0,2.268426896989695e-06
