fpr,tpr,thresholds
0.0,0.0,inf
0.22580645161290322,0.26666666666666666,0.003253597766160965
0.4838709677419355,0.4666666666666667,0.00021911985822953284
0.5161290322580645,0.6,3.174581070197746e-05
0.7419354838709677,0.8666666666666667,3.1745807063998654e-05
1.0,1.0,1.1648598956526257e-06
