fpr,tpr,thresholds
0.0,0.0,inf
0.0,0.2222222222222222,0.0003686453856062144
0.4666666666666667,0.6666666666666666,0.00036864535650238395
1.0,1.0,2.3290008357435e-06
