fpr,tpr,thresholds
0.0,0.0,inf
0.22580645161290322,0.26666666666666666,0.010294401086866856
0.4838709677419355,0.4666666666666667,3.099633613601327e-05
0.7419354838709677,0.8,7.6141122917761095e-06
0.7419354838709677,0.8666666666666667,7.614111382281408e-06
1.0,1.0,6.024422418704489e-07
