fpr,tpr,thresholds
0.0,0.0,inf
0.0,0.1111111111111111,0.0030615339055657387
0.4666666666666667,0.6666666666666666,0.003061533672735095
1.0,1.0,2.4493061800967553e-07
