fpr,tpr,thresholds
0.0,0.0,inf
0.02702702702702703,0.0,0.015407937578856945
0.1891891891891892,0.4444444444444444,0.01540793664753437
0.3783783783783784,0.5555555555555556,0.000573132187128067
0.5945945945945946,0.5555555555555556,0.00014794761955272406
0.8108108108108109,0.6666666666666666,3.622008807724342e-05
1.0,1.0,1.6545889593544416e-05
