fpr,tpr,thresholds
0.0,0.0,inf
0.22580645161290322,0.26666666666666666,0.0008014534832909703
0.4838709677419355,0.6666666666666666,3.5309560189489275e-05
0.7419354838709677,0.8666666666666667,1.6479683836223558e-05
1.0,1.0,1.3104529443808133e-06
