fpr,tpr,thresholds
0.0,0.0,inf
0.1891891891891892,0.4444444444444444,0.0006731493049301207
0.3783783783783784,0.7777777777777778,4.4240994611755013e-05
0.5675675675675675,0.8888888888888888,2.8953259970876388e-05
0.7837837837837838,1.0,2.72087399935117e-05
1.0,1.0,1.9187864381819963e-05
