fpr,tpr,thresholds
0.0,0.0,inf
0.0,0.1111111111111111,3.837594704236835e-05
0.4666666666666667,0.6666666666666666,3.8375943404389545e-05
1.0,1.0,9.962893727788469e-07
