fpr,tpr,thresholds
0.0,0.0,inf
0.22580645161290322,0.26666666666666666,0.03673944249749184
0.4838709677419355,0.4666666666666667,3.1807638151803985e-05
0.7096774193548387,0.8,8.50151354825357e-06
0.7419354838709677,0.8666666666666667,8.501512638758868e-06
1.0,1.0,7.156903393479297e-06
