fpr,tpr,thresholds
0.0,0.0,inf
0.0,0.1111111111111111,0.0032038614153862
0.06666666666666667,0.1111111111111111,0.0032038611825555563
0.06666666666666667,0.2222222222222222,0.0032038609497249126
0.4666666666666667,0.6666666666666666,0.003203860716894269
1.0,1.0,2.6605497623677365e-05
