fpr,tpr,thresholds
0.0,0.0,inf
0.1891891891891892,0.4444444444444444,0.01529747061431408
0.40540540540540543,0.5555555555555556,0.0002360213693464175
0.43243243243243246,0.5555555555555556,8.755992166697979e-05
0.6216216216216216,0.5555555555555556,8.755991439102218e-05
0.8108108108108109,0.8888888888888888,3.78971981263021e-06
1.0,1.0,1.803926465981931e-06
