fpr,tpr,thresholds
0.0,0.0,inf
0.0,0.1111111111111111,0.0017208779463544488
0.0,0.2222222222222222,0.0006366585148498416
0.13333333333333333,0.2222222222222222,0.0005784533568657935
0.13333333333333333,0.6666666666666666,0.0002727109822444618
0.4,0.6666666666666666,0.00014115771045908332
0.5333333333333333,0.8888888888888888,8.694134157849476e-05
0.7333333333333333,0.8888888888888888,7.919836207292974e-05
0.7333333333333333,1.0,7.146202551666647e-05
1.0,1.0,4.45355981355533e-05
