fpr,tpr,thresholds
0.0,0.0,inf
0.1891891891891892,0.4444444444444444,9.986822988139465e-05
0.3783783783783784,0.4444444444444444,4.160744356340729e-05
0.40540540540540543,0.4444444444444444,4.160743992542848e-05
0.5945945945945946,0.7777777777777778,1.2875060747319367e-05
0.7837837837837838,0.8888888888888888,1.1977767826465424e-05
1.0,1.0,1.0176962859986816e-05
