fpr,tpr,thresholds
0.0,0.0,inf
0.22580645161290322,0.26666666666666666,0.0003874083049595356
0.4838709677419355,0.4666666666666667,2.9305918360478245e-05
0.5161290322580645,0.6,5.210742529015988e-06
0.7419354838709677,0.8666666666666667,5.210742074268637e-06
1.0,1.0,1.5067872709551011e-06
