fpr,tpr,thresholds
0.0,0.0,inf
0.0,0.1111111111111111,3.737582574103726e-06
0.06666666666666667,0.2222222222222222,3.737582119356375e-06
0.13333333333333333,0.2222222222222222,3.7375818919826997e-06
0.4666666666666667,0.6666666666666666,3.7375816646090243e-06
1.0,1.0,4.841176064473984e-07
