fpr,tpr,thresholds
0.0,0.0,inf
0.1891891891891892,0.4444444444444444,0.0006255643093027174
0.40540540540540543,0.4444444444444444,3.352563362568617e-05
0.6216216216216216,0.5555555555555556,1.5567784430459142e-05
0.8108108108108109,0.6666666666666666,1.0786404345708434e-05
1.0,1.0,2.6210668693238404e-06
