fpr,tpr,thresholds
0.0,0.0,inf
0.06666666666666667,0.1111111111111111,0.0003628372505772859
0.4666666666666667,0.6666666666666666,0.00036283722147345543
1.0,1.0,4.612256816471927e-07
