fpr,tpr,thresholds
0.0,0.0,inf
0.22580645161290322,0.26666666666666666,0.001136849750764668
0.4838709677419355,0.4666666666666667,1.2269390936126001e-05
0.4838709677419355,0.5333333333333333,8.804566277831327e-06
0.7419354838709677,0.8666666666666667,8.804565368336625e-06
1.0,1.0,5.079208449387806e-07
