fpr,tpr,thresholds
0.0,0.0,inf
0.4666666666666667,0.6666666666666666,5.204360422794707e-05
1.0,1.0,2.9511789989555837e-07
