fpr,tpr,thresholds
0.0,0.0,inf
0.1891891891891892,0.1111111111111111,0.00016089517157524824
0.3783783783783784,0.5555555555555556,0.0001401186891598627
0.5675675675675675,0.5555555555555556,3.9992068195715547e-05
0.5945945945945946,0.5555555555555556,3.999206455773674e-05
0.7837837837837838,0.8888888888888888,2.71079898084281e-05
1.0,1.0,1.1453003935457673e-05
