fpr,tpr,thresholds
0.0,0.0,inf
0.0,0.1111111111111111,0.003869227133691311
0.0,0.3333333333333333,0.0009147319360636175
0.06666666666666667,0.3333333333333333,0.0005257392185740173
0.06666666666666667,0.6666666666666666,0.0002921373234130442
0.13333333333333333,0.7777777777777778,0.00023356048041023314
0.5333333333333333,0.7777777777777778,4.693268419941887e-05
0.5333333333333333,0.8888888888888888,4.289871139917523e-05
0.6,1.0,3.493967233225703e-05
1.0,1.0,2.168439641536679e-05
