fpr,tpr,thresholds
0.0,0.0,inf
0.22580645161290322,0.26666666666666666,9.607733227312565e-05
0.4838709677419355,0.4666666666666667,7.692329381825402e-05
0.7096774193548387,0.7333333333333333,1.5462488590856083e-05
0.7419354838709677,0.8666666666666667,1.546248677186668e-05
1.0,1.0,3.2387106330133975e-07
