fpr,tpr,thresholds
0.0,0.0,inf
0.0,0.06666666666666667,0.0030859375838190317
0.0,0.8666666666666667,0.00018815379007719457
0.25806451612903225,0.8666666666666667,8.953698124969378e-05
0.25806451612903225,0.9333333333333333,7.167504372773692e-05
0.7419354838709677,0.9333333333333333,3.62278769898694e-05
0.7741935483870968,1.0,3.328493039589375e-05
1.0,1.0,9.16569206310669e-06
