fpr,tpr,thresholds
0.0,0.0,inf
0.0,0.1111111111111111,0.0039244587533175945
0.0,0.4444444444444444,0.0011218729196116328
0.13333333333333333,0.4444444444444444,0.0008013767655938864
0.2,0.5555555555555556,0.0007844598148949444
0.2,0.7777777777777778,0.0005679626483470201
0.3333333333333333,0.7777777777777778,0.0004094537580385804
0.3333333333333333,0.8888888888888888,0.0003829873166978359
0.8,0.8888888888888888,0.0001612937485333532
0.8,1.0,0.00012333542690612376
1.0,1.0,7.746820483589545e-05
