fpr,tpr,thresholds
0.0,0.0,inf
0.1891891891891892,0.4444444444444444,0.0033681706991046667
0.3783783783783784,0.7777777777777778,4.6948869567131624e-05
0.40540540540540543,0.7777777777777778,1.2032025551889092e-05
0.5945945945945946,0.7777777777777778,1.203202464239439e-05
0.8108108108108109,0.8888888888888888,8.312746103911195e-06
1.0,1.0,3.1216582101478707e-06
