fpr,tpr,thresholds
0.0,0.0,inf
0.06666666666666667,0.1111111111111111,0.0011721235932782292
0.4666666666666667,0.6666666666666666,0.0011721234768629074
1.0,1.0,5.551055437535979e-07
