fpr,tpr,thresholds
0.0,0.0,inf
0.22580645161290322,0.26666666666666666,0.0065832012332975864
0.41935483870967744,0.5333333333333333,0.000277672428637743
0.4838709677419355,0.6666666666666666,0.0002776723704300821
0.7419354838709677,0.8666666666666667,1.388936743751401e-05
1.0,1.0,9.53999801822647e-07
