fpr,tpr,thresholds
0.0,0.0,inf
0.4666666666666667,0.6666666666666666,0.00010063985973829404
1.0,1.0,8.497410703967034e-07
