fpr,tpr,thresholds
0.0,0.0,inf
0.16216216216216217,0.4444444444444444,0.0033746918197721243
0.1891891891891892,0.4444444444444444,0.003374691354110837
0.3783783783783784,0.5555555555555556,0.00014297296002041548
0.5945945945945946,0.5555555555555556,1.874990266514942e-05
0.7837837837837838,0.8888888888888888,1.2411423995217774e-05
1.0,1.0,1.18798770927242e-05
