fpr,tpr,thresholds
0.0,0.0,inf
0.0,0.1111111111111111,0.0001596922375028953
0.0,0.4444444444444444,8.960545528680086e-05
0.4,0.4444444444444444,6.040096195647493e-05
0.4,0.5555555555555556,5.9825641073985025e-05
0.4666666666666667,0.6666666666666666,5.130512363393791e-05
0.7333333333333333,0.6666666666666666,3.4002168831648305e-05
0.7333333333333333,0.8888888888888888,2.89701947622234e-05
0.8,0.8888888888888888,2.7486608814797364e-05
0.8,1.0,2.6392837753519416e-05
1.0,1.0,1.723280001897365e-05
