fpr,tpr,thresholds
0.0,0.0,inf
0.0,0.1111111111111111,0.010425115935504436
0.0,0.6666666666666666,0.0002366704575251788
0.13333333333333333,0.6666666666666666,9.656976908445358e-05
0.2,0.7777777777777778,9.656207839725539e-05
0.4666666666666667,0.7777777777777778,4.6008190111024305e-05
0.4666666666666667,0.8888888888888888,3.887504499289207e-05
0.8666666666666667,0.8888888888888888,2.8405822376953438e-05
0.8666666666666667,1.0,2.3803400836186484e-05
1.0,1.0,8.637580322101712e-06
