fpr,tpr,thresholds
0.0,0.0,inf
0.22580645161290322,0.26666666666666666,0.0033082894515246153
0.4838709677419355,0.6666666666666666,5.480985691974638e-06
0.7419354838709677,0.8666666666666667,2.407050715191872e-06
1.0,1.0,7.539056809946487e-07
