fpr,tpr,thresholds
0.0,0.0,inf
0.22580645161290322,0.26666666666666666,0.007450222969055176
0.4838709677419355,0.4666666666666667,0.00020059024973306805
0.5161290322580645,0.5333333333333333,3.2755731808720157e-05
0.7419354838709677,0.8666666666666667,3.275572817074135e-05
1.0,1.0,8.700793614480062e-07
