fpr,tpr,thresholds
0.0,0.0,inf
0.1891891891891892,0.4444444444444444,0.006118111312389374
0.21621621621621623,0.4444444444444444,4.86095086671412e-05
0.40540540540540543,0.4444444444444444,4.860950502916239e-05
0.6216216216216216,0.5555555555555556,2.168331411667168e-05
0.8108108108108109,0.8888888888888888,1.052280276780948e-05
1.0,1.0,5.345554654923035e-06
