fpr,tpr,thresholds
0.0,0.0,inf
0.0,0.2222222222222222,1.2463452549127396e-05
0.13333333333333333,0.2222222222222222,1.2463451639632694e-05
0.4666666666666667,0.6666666666666666,1.2463450730137993e-05
1.0,1.0,1.284779727939167e-06
