fpr,tpr,thresholds
0.0,0.0,inf
0.0,0.06666666666666667,0.08078815788030624
0.0,0.3333333333333333,0.0013286385219544172
0.03225806451612903,0.4,0.0009254164760932326
0.03225806451612903,0.8,0.0003424090100452304
0.06451612903225806,0.8,0.00024272127484437078
0.06451612903225806,0.9333333333333333,0.00018677358457352966
0.9354838709677419,0.9333333333333333,2.918978498200886e-05
0.9354838709677419,1.0,2.7554426196729764e-05
1.0,1.0,1.9209785023122095e-05
