fpr,tpr,thresholds
0.0,0.0,inf
0.1891891891891892,0.4444444444444444,0.003222826635465026
0.40540540540540543,0.5555555555555556,0.00022352951054926962
0.5945945945945946,0.6666666666666666,8.934404468163848e-05
0.7837837837837838,1.0,6.793159991502762e-05
0.8108108108108109,1.0,1.3512772056856193e-05
1.0,1.0,1.3512771147361491e-05
