fpr,tpr,thresholds
0.0,0.0,inf
0.0,0.06666666666666667,0.0015838956460356712
0.0,0.3333333333333333,0.000539358938112855
0.03225806451612903,0.4,0.000478233938338235
0.03225806451612903,0.8,0.00011804212408605963
0.06451612903225806,0.8666666666666667,0.00011668358638416976
0.06451612903225806,0.9333333333333333,0.00010230999760096893
0.7741935483870968,0.9333333333333333,1.1120996532554273e-05
0.7741935483870968,1.0,1.0950279829557985e-05
1.0,1.0,6.604987447644817e-06
