fpr,tpr,thresholds
0.0,0.0,inf
0.22580645161290322,0.26666666666666666,0.003553051268681884
0.22580645161290322,0.3333333333333333,9.863243030849844e-05
0.45161290322580644,0.6666666666666666,9.863242303254083e-05
0.4838709677419355,0.6666666666666666,9.863241575658321e-05
0.7419354838709677,0.8,8.23615391709609e-06
1.0,1.0,4.991306013835128e-06
