fpr,tpr,thresholds
0.0,0.0,inf
0.0,0.1111111111111111,0.001255897805094719
0.4666666666666667,0.5555555555555556,0.001255897688679397
0.4666666666666667,0.6666666666666666,0.0012558975722640753
1.0,1.0,3.5607180848273856e-07
