fpr,tpr,thresholds
0.0,0.0,inf
0.0,0.1111111111111111,0.0001513180322945118
0.4666666666666667,0.6666666666666666,0.00015131801774259657
1.0,1.0,4.332700598297379e-07
