fpr,tpr,thresholds
0.0,0.0,inf
0.1891891891891892,0.4444444444444444,0.0006169835105538368
0.40540540540540543,0.4444444444444444,8.064027497312054e-05
0.6216216216216216,0.5555555555555556,1.4102826753514819e-05
0.8108108108108109,0.6666666666666666,1.1989162885583937e-05
1.0,1.0,1.0607057447487023e-05
