fpr,tpr,thresholds
0.0,0.0,inf
0.22580645161290322,0.26666666666666666,0.0003415966057218611
0.45161290322580644,0.6666666666666666,3.021949487447273e-05
0.4838709677419355,0.6666666666666666,3.0219493055483326e-05
0.7419354838709677,0.8666666666666667,4.845358489546925e-06
1.0,1.0,2.9998789159435546e-06
