fpr,tpr,thresholds
0.0,0.0,inf
0.0,0.1111111111111111,0.004004430491477251
0.0,0.6666666666666666,0.0002653398842085153
0.26666666666666666,0.6666666666666666,8.749849803280085e-05
0.3333333333333333,0.7777777777777778,8.535556844435632e-05
0.5333333333333333,0.7777777777777778,4.5147397031541914e-05
0.5333333333333333,0.8888888888888888,4.135718336328864e-05
0.6,0.8888888888888888,3.913613181794062e-05
0.6,1.0,3.433945312281139e-05
1.0,1.0,1.9692610294441693e-05
