fpr,tpr,thresholds
0.0,0.0,inf
0.0,0.1111111111111111,0.00014227883366402239
0.4666666666666667,0.6666666666666666,0.00014227881911210716
1.0,1.0,5.503444526766543e-07
