fpr,tpr,thresholds
0.0,0.0,inf
0.22580645161290322,0.26666666666666666,0.00011492004705360159
0.45161290322580644,0.6666666666666666,5.822625462315045e-05
0.4838709677419355,0.6666666666666666,5.8226250985171646e-05
0.7419354838709677,0.8666666666666667,2.0934925487381406e-05
1.0,1.0,3.907361758592742e-07
