fpr,tpr,thresholds
0.0,0.0,inf
0.1891891891891892,0.4444444444444444,0.00014133118384052068
0.40540540540540543,0.4444444444444444,6.581731577171013e-05
0.5945945945945946,0.5555555555555556,5.8295263443142176e-05
0.8108108108108109,0.6666666666666666,1.02889916888671e-05
1.0,1.0,5.3276521612133365e-06
