fpr,tpr,thresholds
0.0,0.0,inf
0.0,0.1111111111111111,0.001522362814284861
0.0,0.6666666666666666,0.00023640757717657834
0.5333333333333333,0.6666666666666666,0.00012331853213254362
0.6,0.7777777777777778,9.530637908028439e-05
0.7333333333333333,0.7777777777777778,9.080655581783503e-05
0.7333333333333333,0.8888888888888888,9.075582784134895e-05
0.8666666666666667,0.8888888888888888,8.5391104221344e-05
0.8666666666666667,1.0,7.512005686294287e-05
1.0,1.0,4.014605292468332e-05
